{"cameraMode":{"drawMode":0,"name":"Shaded","section":"Shading Mode"},"sceneLighting":false,"audioPlay":false,"sceneViewState":{"showFog":true,"showMaterialUpdate":false,"showSkybox":false,"showFlares":true,"showImageEffects":true,"showParticleSystems":true},"in2DMode":false,"pivot":{"x":-8.739998817443848,"y":198.9892578125,"z":22.945724487304689},"rotation":{"x":0.016475537791848184,"y":-0.9782514572143555,"z":0.18834911286830903,"w":0.08560667932033539},"size":2.235064744949341,"orthographic":false}