{"cameraMode":{"drawMode":0,"name":"Shaded","section":"Shading Mode"},"sceneLighting":true,"audioPlay":false,"sceneViewState":{"showFog":true,"showMaterialUpdate":false,"showSkybox":true,"showFlares":true,"showImageEffects":true,"showParticleSystems":true},"in2DMode":false,"pivot":{"x":-1.0151782035827637,"y":195.3473663330078,"z":11.326210021972657},"rotation":{"x":0.016475537791848184,"y":-0.9782514572143555,"z":0.18834911286830903,"w":0.08560667932033539},"size":10.0,"orthographic":false}