{"cameraMode":{"drawMode":0,"name":"Shaded","section":"Shading Mode"},"sceneLighting":true,"audioPlay":false,"sceneViewState":{"showFog":true,"showMaterialUpdate":true,"showSkybox":true,"showFlares":true,"showImageEffects":true,"showParticleSystems":true},"in2DMode":false,"pivot":{"x":-169.4549560546875,"y":175.40223693847657,"z":174.63201904296876},"rotation":{"x":0.021528517827391626,"y":-0.9516628384590149,"z":0.068644218146801,"w":0.29874932765960696},"size":146.96482849121095,"orthographic":false}