{"cameraMode":{"drawMode":0,"name":"Shaded","section":"Shading Mode"},"sceneLighting":false,"audioPlay":false,"sceneViewState":{"showFog":true,"showMaterialUpdate":true,"showSkybox":false,"showFlares":true,"showImageEffects":true,"showParticleSystems":true},"in2DMode":false,"pivot":{"x":2.487499952316284,"y":4.84250020980835,"z":-2.061776638031006},"rotation":{"x":-0.08994938433170319,"y":-0.907441258430481,"z":0.2517317533493042,"w":-0.3242913782596588},"size":6.215976715087891,"orthographic":false}