{"cameraMode":{"drawMode":0,"name":"Shaded","section":"Shading Mode"},"sceneLighting":true,"audioPlay":false,"sceneViewState":{"showFog":true,"showMaterialUpdate":true,"showSkybox":true,"showFlares":true,"showImageEffects":true,"showParticleSystems":true},"in2DMode":false,"pivot":{"x":10.956792831420899,"y":22.732624053955079,"z":41.24928283691406},"rotation":{"x":-0.018642215058207513,"y":0.918450117111206,"z":0.043562889099121097,"w":0.3927914798259735},"size":14.998238563537598,"orthographic":false}