{"cameraMode":{"drawMode":0,"name":"Shaded","section":"Shading Mode"},"sceneLighting":true,"audioPlay":false,"sceneViewState":{"showFog":true,"showMaterialUpdate":true,"showSkybox":true,"showFlares":true,"showImageEffects":true,"showParticleSystems":true},"in2DMode":false,"pivot":{"x":4.066666126251221,"y":-3.662813186645508,"z":4.608534812927246},"rotation":{"x":-0.020708022639155389,"y":-0.8441988229751587,"z":0.5346960425376892,"w":-0.032708439975976947},"size":14.998238563537598,"orthographic":false}