{"cameraMode":{"drawMode":0,"name":"Shaded","section":"Shading Mode"},"sceneLighting":true,"audioPlay":false,"sceneViewState":{"showFog":true,"showMaterialUpdate":true,"showSkybox":true,"showFlares":true,"showImageEffects":true,"showParticleSystems":true},"in2DMode":false,"pivot":{"x":33.8597412109375,"y":-1.3502655029296876,"z":-22.00102424621582},"rotation":{"x":-0.11896150559186936,"y":-0.8017006516456604,"z":0.17011962831020356,"w":-0.5605862736701965},"size":24.6425724029541,"orthographic":false}