{"cameraMode":{"drawMode":0,"name":"Shaded","section":"Shading Mode"},"sceneLighting":true,"audioPlay":false,"sceneViewState":{"showFog":true,"showMaterialUpdate":true,"showSkybox":true,"showFlares":true,"showImageEffects":true,"showParticleSystems":true},"in2DMode":false,"pivot":{"x":39.92677307128906,"y":4.1158223152160648,"z":3.7441654205322267},"rotation":{"x":-0.1058821976184845,"y":-0.6161461472511292,"z":0.08405525237321854,"w":-0.7759905457496643},"size":24.6425724029541,"orthographic":false}