{"cameraMode":{"drawMode":0,"name":"Shaded","section":"Shading Mode"},"sceneLighting":true,"audioPlay":false,"sceneViewState":{"showFog":true,"showMaterialUpdate":true,"showSkybox":true,"showFlares":true,"showImageEffects":true,"showParticleSystems":true},"in2DMode":false,"pivot":{"x":-50.83203125,"y":222.98690795898438,"z":10.813518524169922},"rotation":{"x":0.12797585129737855,"y":-0.7536067366600037,"z":0.15401332080364228,"w":0.6261415481567383},"size":146.96482849121095,"orthographic":false}